{"DPI": 600, "SINGLE_CARD_W_RATIO": 0.18035051368384702, "SINGLE_CARD_H_RATIO": 0.1674975074775673, "H_SPACER_RATIO": 0.004361914257228315, "W_SPACER_RATIO": 0, "START_L_RATIO": 0.029180695847362513, "START_T_RATIO": 0.07776669990029911, "PICTURE_ON_CARD_L": 0.06435643564356436, "PICTURE_ON_CARD_T": 0.09090909090909091, "PICTURE_ON_CARD_W": 0.3722772277227723, "PICTURE_ON_CARD_H": 0.39184952978056425}